{"cameraMode":{"drawMode":0,"name":"Shaded","section":"Shading Mode"},"sceneLighting":false,"audioPlay":false,"sceneViewState":{"showFog":true,"showMaterialUpdate":false,"showSkybox":true,"showFlares":true,"showImageEffects":true,"showParticleSystems":true},"in2DMode":false,"pivot":{"x":0.009499996900558472,"y":-0.0011095553636550904,"z":-1.1027060747146607},"rotation":{"x":0.016383951529860498,"y":-0.118474081158638,"z":0.0019521451322361827,"w":0.9928346872329712},"size":1.5331580638885499,"orthographic":false}