{"cameraMode":{"drawMode":0,"name":"Shaded","section":"Shading Mode"},"sceneLighting":false,"audioPlay":false,"sceneViewState":{"showFog":true,"showMaterialUpdate":false,"showSkybox":false,"showFlares":true,"showImageEffects":true,"showParticleSystems":true},"in2DMode":false,"pivot":{"x":0.0720888078212738,"y":0.7422821521759033,"z":0.4269324541091919},"rotation":{"x":0.12293127924203873,"y":0.715255081653595,"z":-0.13015736639499665,"w":0.6755793690681458},"size":0.14304739236831666,"orthographic":false}