{"cameraMode":{"drawMode":0,"name":"Shaded","section":"Shading Mode"},"sceneLighting":false,"audioPlay":false,"sceneViewState":{"showFog":true,"showMaterialUpdate":false,"showSkybox":false,"showFlares":true,"showImageEffects":true,"showParticleSystems":true},"in2DMode":false,"pivot":{"x":-0.1480257511138916,"y":0.18662220239639283,"z":-0.0038873404264450075},"rotation":{"x":0.10548674315214157,"y":0.635771632194519,"z":-0.08829958736896515,"w":0.7595541477203369},"size":1.1431536674499512,"orthographic":false}